<?xml version="1.0" encoding="UTF-8"?>
<GenRun Id="impl_1" LaunchPart="xc7a100tcsg324-1" LaunchTime="1665640886">
  <File Type="BITSTR-BMM" Name="Gray_Decimal_bd.bmm"/>
  <File Type="OPT-METHODOLOGY-DRC" Name="Gray_Decimal_methodology_drc_opted.rpt"/>
  <File Type="INIT-TIMING" Name="Gray_Decimal_timing_summary_init.rpt"/>
  <File Type="ROUTE-PWR" Name="Gray_Decimal_power_routed.rpt"/>
  <File Type="PA-TCL" Name="Gray_Decimal.tcl"/>
  <File Type="OPT-TIMING" Name="Gray_Decimal_timing_summary_opted.rpt"/>
  <File Type="OPT-DCP" Name="Gray_Decimal_opt.dcp"/>
  <File Type="ROUTE-PWR-SUM" Name="Gray_Decimal_power_summary_routed.pb"/>
  <File Type="REPORTS-TCL" Name="Gray_Decimal_reports.tcl"/>
  <File Type="OPT-DRC" Name="Gray_Decimal_drc_opted.rpt"/>
  <File Type="OPT-HWDEF" Name="Gray_Decimal.hwdef"/>
  <File Type="PWROPT-DCP" Name="Gray_Decimal_pwropt.dcp"/>
  <File Type="PWROPT-DRC" Name="Gray_Decimal_drc_pwropted.rpt"/>
  <File Type="PWROPT-TIMING" Name="Gray_Decimal_timing_summary_pwropted.rpt"/>
  <File Type="PLACE-DCP" Name="Gray_Decimal_placed.dcp"/>
  <File Type="PLACE-IO" Name="Gray_Decimal_io_placed.rpt"/>
  <File Type="PLACE-CLK" Name="Gray_Decimal_clock_utilization_placed.rpt"/>
  <File Type="PLACE-UTIL" Name="Gray_Decimal_utilization_placed.rpt"/>
  <File Type="PLACE-UTIL-PB" Name="Gray_Decimal_utilization_placed.pb"/>
  <File Type="PLACE-CTRL" Name="Gray_Decimal_control_sets_placed.rpt"/>
  <File Type="PLACE-SIMILARITY" Name="Gray_Decimal_incremental_reuse_placed.rpt"/>
  <File Type="PLACE-PRE-SIMILARITY" Name="Gray_Decimal_incremental_reuse_pre_placed.rpt"/>
  <File Type="BG-BGN" Name="Gray_Decimal.bgn"/>
  <File Type="PLACE-TIMING" Name="Gray_Decimal_timing_summary_placed.rpt"/>
  <File Type="POSTPLACE-PWROPT-DCP" Name="Gray_Decimal_postplace_pwropt.dcp"/>
  <File Type="BG-BIN" Name="Gray_Decimal.bin"/>
  <File Type="POSTPLACE-PWROPT-TIMING" Name="Gray_Decimal_timing_summary_postplace_pwropted.rpt"/>
  <File Type="PHYSOPT-DCP" Name="Gray_Decimal_physopt.dcp"/>
  <File Type="PHYSOPT-DRC" Name="Gray_Decimal_drc_physopted.rpt"/>
  <File Type="BITSTR-MSK" Name="Gray_Decimal.msk"/>
  <File Type="PHYSOPT-TIMING" Name="Gray_Decimal_timing_summary_physopted.rpt"/>
  <File Type="ROUTE-ERROR-DCP" Name="Gray_Decimal_routed_error.dcp"/>
  <File Type="ROUTE-DCP" Name="Gray_Decimal_routed.dcp"/>
  <File Type="ROUTE-BLACKBOX-DCP" Name="Gray_Decimal_routed_bb.dcp"/>
  <File Type="ROUTE-DRC" Name="Gray_Decimal_drc_routed.rpt"/>
  <File Type="ROUTE-DRC-PB" Name="Gray_Decimal_drc_routed.pb"/>
  <File Type="BITSTR-LTX" Name="debug_nets.ltx"/>
  <File Type="BITSTR-LTX" Name="Gray_Decimal.ltx"/>
  <File Type="ROUTE-DRC-RPX" Name="Gray_Decimal_drc_routed.rpx"/>
  <File Type="BITSTR-MMI" Name="Gray_Decimal.mmi"/>
  <File Type="ROUTE-METHODOLOGY-DRC" Name="Gray_Decimal_methodology_drc_routed.rpt"/>
  <File Type="ROUTE-METHODOLOGY-DRC-RPX" Name="Gray_Decimal_methodology_drc_routed.rpx"/>
  <File Type="BITSTR-SYSDEF" Name="Gray_Decimal.sysdef"/>
  <File Type="ROUTE-METHODOLOGY-DRC-PB" Name="Gray_Decimal_methodology_drc_routed.pb"/>
  <File Type="ROUTE-PWR-RPX" Name="Gray_Decimal_power_routed.rpx"/>
  <File Type="ROUTE-STATUS" Name="Gray_Decimal_route_status.rpt"/>
  <File Type="ROUTE-STATUS-PB" Name="Gray_Decimal_route_status.pb"/>
  <File Type="ROUTE-TIMINGSUMMARY" Name="Gray_Decimal_timing_summary_routed.rpt"/>
  <File Type="ROUTE-TIMING-PB" Name="Gray_Decimal_timing_summary_routed.pb"/>
  <File Type="ROUTE-TIMING-RPX" Name="Gray_Decimal_timing_summary_routed.rpx"/>
  <File Type="ROUTE-SIMILARITY" Name="Gray_Decimal_incremental_reuse_routed.rpt"/>
  <File Type="ROUTE-CLK" Name="Gray_Decimal_clock_utilization_routed.rpt"/>
  <File Type="ROUTE-BUS-SKEW" Name="Gray_Decimal_bus_skew_routed.rpt"/>
  <File Type="ROUTE-BUS-SKEW-PB" Name="Gray_Decimal_bus_skew_routed.pb"/>
  <File Type="ROUTE-BUS-SKEW-RPX" Name="Gray_Decimal_bus_skew_routed.rpx"/>
  <File Type="POSTROUTE-PHYSOPT-DCP" Name="Gray_Decimal_postroute_physopt.dcp"/>
  <File Type="POSTROUTE-PHYSOPT-BLACKBOX-DCP" Name="Gray_Decimal_postroute_physopt_bb.dcp"/>
  <File Type="POSTROUTE-PHYSOPT-TIMING" Name="Gray_Decimal_timing_summary_postroute_physopted.rpt"/>
  <File Type="POSTROUTE-PHYSOPT-TIMING-PB" Name="Gray_Decimal_timing_summary_postroute_physopted.pb"/>
  <File Type="POSTROUTE-PHYSOPT-TIMING-RPX" Name="Gray_Decimal_timing_summary_postroute_physopted.rpx"/>
  <File Type="POSTROUTE-PHYSOPT-BUS-SKEW" Name="Gray_Decimal_bus_skew_postroute_physopted.rpt"/>
  <File Type="POSTROUTE-PHYSOPT-BUS-SKEW-PB" Name="Gray_Decimal_bus_skew_postroute_physopted.pb"/>
  <File Type="BG-BIT" Name="Gray_Decimal.bit"/>
  <File Type="POSTROUTE-PHYSOPT-BUS-SKEW-RPX" Name="Gray_Decimal_bus_skew_postroute_physopted.rpx"/>
  <File Type="BITSTR-RBT" Name="Gray_Decimal.rbt"/>
  <File Type="BITSTR-NKY" Name="Gray_Decimal.nky"/>
  <File Type="BG-DRC" Name="Gray_Decimal.drc"/>
  <File Type="RDI-RDI" Name="Gray_Decimal.vdi"/>
  <File Type="WBT-USG" Name="usage_statistics_webtalk.html"/>
  <FileSet Name="sources" Type="DesignSrcs" RelSrcDir="$PSRCDIR/sources_1">
    <Filter Type="Srcs"/>
    <File Path="$PSRCDIR/sources_1/new/Gray_Decimal.v">
      <FileInfo>
        <Attr Name="UsedIn" Val="synthesis"/>
        <Attr Name="UsedIn" Val="implementation"/>
        <Attr Name="UsedIn" Val="simulation"/>
      </FileInfo>
    </File>
    <Config>
      <Option Name="DesignMode" Val="RTL"/>
      <Option Name="TopModule" Val="Gray_Decimal"/>
      <Option Name="TopAutoSet" Val="TRUE"/>
    </Config>
  </FileSet>
  <FileSet Name="constrs_in" Type="Constrs" RelSrcDir="$PSRCDIR/constrs_1">
    <Filter Type="Constrs"/>
    <File Path="$PSRCDIR/constrs_1/new/LEDs.xdc">
      <FileInfo>
        <Attr Name="UsedIn" Val="synthesis"/>
        <Attr Name="UsedIn" Val="implementation"/>
      </FileInfo>
    </File>
    <Config>
      <Option Name="ConstrsType" Val="XDC"/>
    </Config>
  </FileSet>
  <FileSet Name="utils" Type="Utils" RelSrcDir="$PSRCDIR/utils_1">
    <Filter Type="Utils"/>
    <Config>
      <Option Name="TopAutoSet" Val="TRUE"/>
    </Config>
  </FileSet>
  <Strategy Version="1" Minor="2">
    <StratHandle Name="Vivado Implementation Defaults" Flow="Vivado Implementation 2018"/>
    <Step Id="init_design"/>
    <Step Id="opt_design"/>
    <Step Id="power_opt_design"/>
    <Step Id="place_design"/>
    <Step Id="post_place_power_opt_design"/>
    <Step Id="phys_opt_design"/>
    <Step Id="route_design"/>
    <Step Id="post_route_phys_opt_design"/>
    <Step Id="write_bitstream"/>
  </Strategy>
</GenRun>
